Amy Russo,"Psychologist, educational",4269040935240,IL,60417,Vance Fields,467,Port Catherine,3547195595609746,JCB 16 digit,948-73-7546
Jeffrey Curtis,"Producer, radio",7274709443021,VT,05391,Heather Rapid,01625,Christinaberg,346933330292710,VISA 16 digit,901-81-3162
Troy Collins,Geophysical data processor,6011046641029,DE,19844,Richard Stream,94749,New Gabrielle,3583589962081445,JCB 16 digit,934-74-1159
Michael Smith,Visual merchandiser,8029835012920,MN,56761,Berry Loaf,51066,Matthewtown,676286042996,VISA 16 digit,976-72-7061
Christine Copeland,Garment/textile technologist,4380070138200,WV,26255,Sara Stravenue,20512,East Derek,4382125612984,VISA 13 digit,917-76-3074
Debra Lopez,Food technologist,4682950424680,NJ,07051,Michael Row,689,Melissatown,3553412578450423,American Express,974-71-5254
Lisa Robinson,Geophysicist/field seismologist,0850435896174,IL,61421,Jessica Wall,780,Georgefort,502035686174,VISA 19 digit,981-96-3904
Jason Chase,Commercial horticulturist,5105367778074,AL,36841,Lisa Garden,73472,Morrisborough,4758748990750,VISA 16 digit,999-85-6520
Franklin Rocha,Chemical engineer,4119480361171,VT,05112,Sanchez Ways,413,Kimberlyberg,3571917717583346,VISA 16 digit,983-78-3964
Julie Ruiz,Ranger/warden,7530210199620,ND,58204,Gene Shore,9848,New Brianton,30582540387413,JCB 15 digit,926-83-2706
Katie Johnson,Social researcher,0554206836646,WI,54053,Goodwin Isle,4440,New Nicoleview,4037969047892513,VISA 13 digit,914-79-4732
Brian Reid,Sport and exercise psychologist,8702373881672,IA,51363,Leonard Light,4599,North Timothyshire,4400751006165811,Discover,984-72-7589
Amber Benton,Automotive engineer,7312617309232,WV,25575,Cross Drives,761,New Kevin,180020524092962,Diners Club / Carte Blanche,927-73-1161
Hannah Brown,Actuary,2750320098479,TX,73301,Lowery Inlet,93643,Maxwelltown,3503255562447413,VISA 16 digit,935-70-1211
Joseph Gardner,Event organiser,1274504615821,AR,72086,Wilson Greens,05523,Saraburgh,4341747101525380,JCB 16 digit,926-83-7606
Justin Nash,Secretary/administrator,1786219217773,DC,20032,Sheri Hollow,7914,Shannonport,3587790280907800,Diners Club / Carte Blanche,926-73-8688
Carolyn Gates,Electrical engineer,5770807388734,UT,84506,John Walk,6316,Port Susanmouth,342525756636943,JCB 15 digit,903-71-3905
Melissa Charles,IT sales professional,7387595822295,TX,73301,Deleon Drive,077,Reginashire,3563639341705661,VISA 16 digit,916-91-4166
Sarah Graham,Hydrogeologist,5516494928085,IN,46485,Tran Roads,62931,Melissafurt,5477017679539434,VISA 19 digit,985-85-7749
Brad Mclaughlin,Operations geologist,4717992019595,OR,97312,Joseph Plaza,40528,Lake Josephland,3522860689875250,JCB 16 digit,940-71-5633
John Smith,Manufacturing engineer,5197183433017,LA,71036,William Spring,2982,North Kellychester,4876436864952,JCB 16 digit,909-75-3360
Jacqueline Smith,Clinical research associate,1950128617603,ID,83629,Graham Circle,14773,Randallview,374679029213674,JCB 16 digit,928-85-9655
William Henderson,Farm manager,6317974423457,WV,25514,Foster Harbors,27852,Heathfurt,4979711542770,Diners Club / Carte Blanche,946-91-4669
Mallory Howell,Education administrator,1359091981440,SD,57787,Joanne Road,5946,Bakerstad,4226384191149648,JCB 16 digit,910-88-2280
Jaime Fischer,Field trials officer,6099135628893,NM,88016,Valencia Estates,42517,North Joshua,6535831132235275,American Express,943-81-2697
Julia Daniels,Educational psychologist,5555584395660,IL,60378,Carney Cove,531,Rogersmouth,3556902141439165,Diners Club / Carte Blanche,990-74-4096
Jessica Jones,Medical physicist,9579123021058,MT,59762,Kimberly Ports,5496,West Angela,4330182646825,Maestro,932-83-1413
Connie Leonard,Site engineer,1494565523607,DE,19871,Zachary Overpass,3442,Port Kimchester,180047985188831,JCB 15 digit,984-73-2340
Louis Ortiz,"Investment banker, corporate",2663319533508,IN,46657,Williams Coves,138,Wilkinsontown,3564824033689485,JCB 16 digit,996-85-7938
Kelly Lucas,Educational psychologist,0825203733208,HI,96840,Kelsey Dale,4203,Port Wesley,4973208669080156,VISA 13 digit,983-70-2330
Edward Ramirez,"Production designer, theatre/television/film",6943708695400,TX,73301,Thomas Square,88439,New Bonniefurt,676209819124,Maestro,984-88-0725
Angela Cooper,Television production assistant,6404947021421,GA,31260,Edwards Point,160,Scottborough,4711997660386041010,JCB 16 digit,931-70-0025
Nicholas Griffin,Science writer,9056198345816,PA,18682,Michelle Roads,42777,Gavinfurt,4630045187014753,JCB 16 digit,934-82-1443
Ellen Nelson,Homeopath,9836010240308,VA,20041,Brooks Forest,31903,West Rebecca,3541207025265621,JCB 16 digit,938-79-7494
Kaitlyn Cole,"Editor, film/video",8699698436298,NM,87827,Colleen Place,67871,Mcguiretown,6513974266680092,VISA 16 digit,945-75-6521
Thomas White,Furniture designer,2292753675052,MO,63234,Pope Freeway,33377,North Paul,4877435976805,Maestro,902-99-8141
Charles Anderson,"Surveyor, planning and development",9029687731588,NJ,08139,Meyer Estate,7579,Reneetown,4785833238922121,Discover,960-78-3304
Bryan Freeman,"Designer, exhibition/display",0804662993058,WV,24858,Jones Tunnel,37578,North Michael,6538646677218859,Maestro,924-84-3282
Ronald Elliott,Hydrologist,0483589895743,DC,20037,Adams Junction,23475,Traceyside,4572246488674,American Express,949-88-2405
Whitney Ortega,"Scientist, forensic",2765331423642,KY,42777,Hawkins Court,13571,Lake Jessica,4183087536090,VISA 19 digit,907-91-5197
Jeanette Jennings,"Restaurant manager, fast food",0389578562839,CT,06107,Robinson Prairie,3380,New Charles,5352508383868721,VISA 19 digit,917-87-7926
Steven Dixon,Manufacturing engineer,6081099707787,HI,96767,Charles Crossing,038,East Benjaminberg,6583913745308318,JCB 16 digit,917-72-9851
Michelle Allison,Environmental consultant,8963266152585,CT,06045,David Lights,2306,Amandafort,6588178367698900,Mastercard,927-82-3611
Kenneth Garcia,Proofreader,3698142700279,NV,89099,Janet Oval,591,Winterschester,4764470467512276,VISA 16 digit,951-83-1217
Kathleen Franco,Publishing copy,4033553982931,CA,92214,Hernandez Streets,901,Merrittland,4907091387129155415,VISA 16 digit,912-86-8660
Adrian Bradshaw,Dance movement psychotherapist,0014553994092,NE,68015,Jensen Heights,3992,Brownberg,30268063907528,VISA 16 digit,917-72-7805
Nathaniel Greer,"Scientist, research (life sciences)",6397632087006,TX,73301,Christopher Drives,14960,West Priscilla,30086346308888,Mastercard,928-86-9185
Christopher Hoffman,Medical illustrator,1042967686266,ME,04721,Huang Oval,48320,Port Ashley,30013739846662,VISA 16 digit,993-82-8290
Larry Mcconnell,"Therapist, occupational",4292221382278,TX,73301,Harris Village,59965,Alexanderview,3590240789601582,VISA 13 digit,961-80-5990
Matthew Larsen,Travel agency manager,2518522458513,NY,06390,Hall Greens,1874,New Brandystad,4790227525485046,VISA 13 digit,942-79-8813
Brian Schaefer,Ranger/warden,6478783845940,DE,19802,Anderson Expressway,8989,New Ethanbury,4595354311362,Discover,974-92-5131
Hunter Jones,Community development worker,0661193961210,UT,84106,Jackson Plain,87132,Mcdonaldtown,3581413541202822,VISA 16 digit,991-80-1886
Erin Collins,Lawyer,2290204711072,NJ,08514,King Squares,105,Deannaborough,4682691246937976,VISA 19 digit,931-81-9827
Kimberly Dalton,Fisheries officer,6575182629998,CO,81409,Jimmy Crossing,36154,New Stevenborough,562092926590,Discover,913-99-5029
Alicia Gonzalez,Air broker,8878543886084,MT,59652,Jamie Expressway,39269,New Lucasview,4223666615673,VISA 16 digit,923-84-7567
Michael Flores,Museum/gallery exhibitions officer,6705697114512,NV,89709,John Flats,54708,Kingmouth,4102214430719126,JCB 16 digit,936-94-2235
Alfred Mason,Applications developer,6782572534751,AZ,86053,Mack Tunnel,4469,Davidberg,3540566287663232,Diners Club / Carte Blanche,963-71-8773
Amanda Lyons,Trade mark attorney,3556195358980,NH,03621,Sullivan Port,983,Port Mary,213174278861360,Maestro,916-88-2970
Bethany Johnson,Personnel officer,7366281691592,MT,59387,Mariah Ferry,09090,West Teresatown,213199096149847,VISA 16 digit,975-94-5073
Lynn Williams,Television camera operator,0318104642760,NJ,08475,Cohen Springs,9909,Lake Laurachester,213143131571011,JCB 16 digit,922-75-3974
Stephen Stevens,Archaeologist,1841869185847,MI,48668,Proctor Manor,285,South Jeremy,4068661773698519,JCB 16 digit,989-74-3290
Robert Swanson,"Engineer, building services",0807781335892,WV,26331,Nathan Crossroad,3921,Tamaraburgh,4925934310457243192,JCB 16 digit,907-96-6362
Justin Young Jr.,"Journalist, broadcasting",3503935167298,MS,39763,Becker Lake,11055,West Logantown,213153264949504,VISA 13 digit,923-81-8152
Barbara Moore,Electronics engineer,7176810734416,TN,37067,Michelle Causeway,654,Lisaport,30488383252948,VISA 16 digit,909-73-2432
Erica Wolfe,"Conservation officer, historic buildings",6215250671808,MT,59763,Holt Port,66270,Deanberg,4072518765525302186,JCB 15 digit,944-88-1999
Monica Brooks,Photographer,1540446098376,KS,66315,Samantha Branch,0237,North Christopher,3541403871441305,Mastercard,970-80-2281
Megan Taylor,Animal nutritionist,7586589073527,AR,72857,Cassidy Divide,2705,East Jacquelineland,4465827778311612421,VISA 16 digit,913-96-1353
Cynthia Fisher,Plant breeder/geneticist,1448673754381,MS,39345,Marvin Walks,104,Jacksontown,180095632450823,VISA 16 digit,938-70-4054
Mary Fleming,Physiological scientist,5097317345425,RI,02870,David Mills,535,Rebeccaberg,4481360994265256822,VISA 16 digit,930-97-2193
Stephanie Flores,Medical secretary,9886917490403,MO,65802,Perez Street,497,West Anthonybury,5446409563480742,VISA 16 digit,963-77-2590
Jordan Elliott,Water engineer,9214247944794,CO,80325,Savage Spurs,529,North Anthony,676105891615,Discover,969-80-7814
Patrick Smith,Research scientist (physical sciences),0774647249282,NE,68040,Kimberly Fall,514,Angelastad,4194650824414163,Maestro,978-81-9340
Christine Kim,Interpreter,6970140791712,NM,87335,Gonzales Roads,58462,Christopherborough,3580364881165825,VISA 19 digit,969-86-5704
Sarah Levy,"Scientist, forensic",9748612100505,AK,99921,Price Squares,49242,East Richardmouth,180058288437320,VISA 19 digit,939-74-8079
Andrew Cooper,Industrial/product designer,7072805242880,VT,05390,Miller Rest,9286,Richardtown,4927068266592,VISA 19 digit,956-77-1620
Emily Lawrence,Equities trader,3990873620630,FL,33911,Mary Circle,076,Scottburgh,4062122774348,Discover,931-73-1119
Whitney Allen,Proofreader,9826561726252,MA,01543,Blake Expressway,08186,East Thomas,6543375288024091,VISA 13 digit,922-71-6831
Renee Thomas,Youth worker,0983823188071,FL,32571,Sandra Via,0118,Danielleport,30146083195169,JCB 15 digit,926-88-8181
Donald Smith,"Teacher, early years/pre",1584916951806,AK,99640,Chan Center,19053,East Jennifertown,639087822107,American Express,908-77-0001
Anthony Jackson,Armed forces training and education officer,4076032760623,MA,01157,Alexander Manor,66049,South Joshuahaven,5187415704219884,JCB 16 digit,974-79-5571
Erin Chung,"Research officer, trade union",8675752360616,NH,03292,Adam Mountain,1300,Michaelbury,6011232448572654,American Express,914-79-9801
Gregory Bush,Ship broker,4846035690708,NV,88903,Harris Freeway,57008,North Kellyborough,639070309328,JCB 16 digit,959-87-9126
Kimberly Wiggins,Race relations officer,3855388917726,MI,48709,Mcdowell Walk,3312,New Crystal,4413033229831221,VISA 13 digit,987-72-4091
Gerald Johnson,"Education officer, museum",0105774851684,AK,99572,Pearson Overpass,86916,Smithview,630451957462,JCB 16 digit,908-88-8818
Meagan Navarro,Sports coach,1330276480701,AK,99502,Vargas Fort,5662,Port Antonio,4048634060302736,Mastercard,973-98-7176
Jennifer Holland,Sales promotion account executive,4330826108112,NC,27541,Toni Motorway,093,East Kevinbury,3590660596060807,Mastercard,931-99-5132
Brenda Goodwin,Trade union research officer,0101109229353,RI,02801,Garcia Square,02631,Lake Danaberg,3551701344459201,VISA 16 digit,994-79-8342
Kimberly Morgan,Operational researcher,6334379165567,DC,20011,Hanson Loaf,191,Kathybury,180087891513334,American Express,925-74-4237
Nicholas White,Gaffer,7492384995598,ID,83535,Joseph Crescent,3133,West Brianport,180003885106050,Mastercard,926-84-7294
David Orozco,Barrister,5481418749709,CA,91811,Stafford Glen,7566,Kimberlyville,3587260794780598,Mastercard,900-94-8716
Elizabeth Weaver,Historic buildings inspector/conservation officer,4179283596793,CA,95435,Rebecca Path,017,New Mollyside,4951468421607045,Diners Club / Carte Blanche,944-97-3778
Victoria Martinez,Audiological scientist,0965886178119,ID,83642,Nathan Square,160,New Donaldside,060467310912,VISA 19 digit,977-74-5789
Allen Butler,Insurance risk surveyor,1933657431310,KY,40766,Donna Brooks,8643,East Timothy,38732214928065,JCB 15 digit,951-79-4906
Wanda Cole,Marine scientist,4843218473330,UT,84568,Jessica Course,908,Heatherburgh,4316990805675578819,VISA 16 digit,914-71-9276
Elizabeth Singh,"Scientist, research (maths)",9238279267014,UT,84207,Woods Isle,367,Port Jenniferburgh,676290252425,Discover,966-96-9527
Karen Long,Ceramics designer,5851953209364,SD,57374,Raymond Hollow,17913,South Justinville,4472528064953426,VISA 19 digit,989-88-9869
Jill Evans,Photographer,8278437001614,CA,91214,Burgess Points,67818,East Jeffrey,676144570816,VISA 13 digit,933-99-4376
Jennifer Mcdaniel,Glass blower/designer,0561459645607,AL,36762,Jason Circle,387,Carlosfurt,4223773116530893885,VISA 16 digit,929-77-4242
Timothy Simpson,Field seismologist,1763097969772,RI,02938,Dawn Course,199,Port Christopher,5389166277922463,JCB 15 digit,967-78-1386
Alan Thompson,English as a foreign language teacher,5348332915520,NC,27453,Warren Loop,24831,Navarrofurt,4793049891917338,Mastercard,979-78-9089
Johnathan Parker,Field trials officer,4988625090510,MA,01324,Daniel Center,639,Kristinstad,377717908110715,American Express,954-82-7724
Stacy Chavez,"Secretary, company",3960898573386,WI,54640,Jessica Center,908,Faithberg,180012649462394,VISA 16 digit,914-71-7774
